id,outcome,freshman,age,female,white,intl,married,hsgpa,hsrankpercent,SAT_Comb,a_rank,p_rank,interview,coaaid
190663,0,1,19,1,0,0,1,3.7,,,2,2,0,10000
214372,1,1,20,1,1,0,1,3.82,,1680,3,2,1,34700
215678,0,1,17,0,1,0,1,,,1980,3,3,0,3000
230702,0,1,18,1,1,0,1,,,1960,2,2,0,10000
262256,0,1,18,1,0,0,0,4,,1880,2,2,0,0
262516,0,1,18,1,,0,0,3.5,0.857142857,1560,3,3,0,32775
262545,0,0,21,1,0,0,0,3.93,0.901525659,,3,4,0,0
266500,1,0,19,0,0,0,0,,,,4,3,1,29700
267357,0,0,21,1,0,0,0,,,,3,2,0,15000
153978,0,1,19,1,,0,0,4.51,0.997732426,2300,1,2,0,10000
154118,0,0,20,0,1,0,0,3.54,0.627906977,,4,3,1,0
154759,0,1,18,1,1,0,1,4.33,0.973365617,2010,2,3,0,5000
157530,1,1,19,1,1,0,0,3.36,0.722580645,,3,2,1,23000
157628,1,0,21,1,,0,1,,,,2,3,0,25050
157641,0,1,18,1,1,0,1,3.64,0.960629921,1650,3,3,0,0
157645,0,1,19,1,1,0,1,,,2200,2,2,0,8000
157659,0,1,18,0,1,0,1,,,2100,2,3,0,7000
157679,1,0,21,1,1,0,1,,,1860,5,3,1,0
157727,1,0,19,1,1,0,0,3.77,,,3,3,1,26000
157742,0,1,19,1,,0,1,3.93,0.984615385,2220,1,2,0,5000
157939,1,1,19,0,1,0,1,3.7,,1750,3,3,1,26000
157944,1,1,19,0,1,0,1,,,,3,2,1,26750
157945,0,1,19,1,,0,0,3.36,,,4,3,0,0
157947,1,1,19,1,1,0,1,2.7,,,4,3,0,0
157949,0,1,19,1,1,0,1,3.68,,1810,3,2,1,0
157952,0,1,18,1,1,0,1,,,2000,2,2,0,17800
158061,0,1,18,1,1,0,1,,,1840,2,2,1,24075
158067,0,1,19,1,1,0,1,,,,3,3,1,35200
158095,1,1,19,1,1,0,0,2.8,,1920,3,3,1,21000
158097,1,1,20,1,1,0,1,,,,2,3,1,0
158114,0,1,18,1,1,0,1,,,,1,2,0,8000
158236,1,0,21,1,1,0,0,4,0.979899497,,2,3,1,24950
158237,0,1,18,1,,0,1,3.42,,1790,3,3,0,0
158243,1,1,19,0,1,0,0,3.3,0.721649485,1870,4,2,1,30900
158253,1,1,17,1,1,0,0,,,,2,2,1,29833
158284,0,1,19,0,1,0,1,5.6,0.980582524,2070,2,3,1,5000
158349,0,1,19,1,1,0,1,,,,2,3,0,5000
158394,1,1,18,0,1,0,1,4.7,0.987829615,2050,1,3,0,8000
158450,0,1,18,1,0,0,1,,,2280,1,1,1,30000
158451,0,1,19,0,1,0,1,,,2190,3,4,1,10000
158468,0,0,23,1,,0,1,3.96,0.929577465,,2,2,1,0
158475,1,0,20,1,1,0,1,3.89,,2140,2,2,0,8000
158476,0,1,19,0,,0,1,3.79,0.919230769,1790,2,2,0,0
158498,0,1,19,1,,0,1,4.33,0.975,,2,3,0,0
158515,0,1,20,0,,0,0,3.01,,2050,3,2,1,5000
158518,1,1,22,1,1,0,1,3.73,0.793814433,,2,1,1,29925
158545,0,0,24,0,,0,1,,,,2,3,0,0
158555,0,1,18,1,,0,0,,,1730,4,3,0,0
158556,0,1,18,1,1,0,1,3.45,0.844059406,,3,2,0,5000
158560,0,1,19,1,1,0,0,,,,3,3,1,24000
158567,1,1,18,1,1,0,0,,0.823275862,,2,2,0,29000
158569,0,1,19,0,1,0,1,3.31,,,3,3,0,3000
158574,0,1,18,1,1,0,1,,,,3,3,0,0
158578,0,1,18,1,,0,0,,,2020,2,2,0,30000
158580,1,1,19,1,1,0,0,3.86,0.908333333,1910,2,2,0,32455
158587,0,1,20,0,1,0,1,,,,4,2,1,24000
158591,1,1,18,1,1,0,1,4.21,,1860,2,2,1,28750
158595,1,1,17,1,1,0,1,4,,2020,2,2,1,30000
158599,0,1,19,1,1,0,1,3.21,,,3,3,0,8175
158602,0,1,18,1,1,0,1,,,,3,3,0,3000
158603,0,1,19,0,,0,0,,,,2,3,1,0
158606,0,1,18,1,1,0,0,3.56,,2000,2,3,0,23750
158607,0,1,19,1,0,0,1,4,,2030,2,3,0,30000
158608,0,0,20,0,1,0,1,,,,4,2,0,3000
158613,0,1,18,1,0,0,0,,0.971153846,1610,2,3,0,0
158617,0,1,18,1,0,0,0,,,1480,3,3,1,24000
158624,0,1,19,1,1,0,0,,,,3,2,0,5000
158630,1,1,19,1,0,0,0,,,,4,2,0,24334
158631,0,1,19,1,1,0,1,,,1990,2,2,0,30000
158635,0,1,19,0,1,0,1,,,2090,1,3,0,8000
158638,0,1,20,0,0,0,1,,,1740,3,2,0,0
158640,0,1,20,1,1,0,1,3.6,,,3,3,0,3000
158647,0,1,18,1,1,0,1,3.3,,,3,3,0,0
158649,0,1,18,1,1,0,0,,,,2,3,0,25325
158654,0,1,18,1,,0,1,3.57,,1850,3,4,0,0
158663,0,0,20,1,1,0,1,,,1770,4,3,0,0
158667,0,1,18,0,1,0,0,,0.918181818,,2,3,0,24200
158687,0,1,18,1,1,0,1,,,,3,2,0,30000
158688,1,1,19,1,1,0,1,,,1970,3,2,0,29304
158693,0,1,18,1,1,0,1,3.8,0.929824561,2000,2,2,0,8000
158696,0,1,19,1,0,0,1,4.53,0.97810219,,2,2,0,30000
158699,0,1,18,1,1,0,0,,0.943548387,,3,3,0,0
158700,0,1,18,1,,0,1,3.72,0.922077922,1960,2,2,0,30000
158702,0,1,18,1,1,0,1,4.05,,1700,3,4,0,0
158706,0,1,18,1,1,0,1,,,1940,2,2,0,8000
158707,0,1,19,0,,0,1,2.84,,1740,3,3,0,24000
158709,0,1,19,1,1,0,1,,,1990,3,2,0,5000
158723,0,1,19,1,1,0,1,3.14,0.582159624,,3,2,1,30000
158833,0,1,18,0,0,0,0,,,,3,3,0,3000
158834,0,1,19,1,1,0,0,3.7,,1970,4,3,0,0
158837,0,1,19,1,1,0,0,,,2180,2,2,0,8000
158840,0,1,18,1,0,0,1,3.3,,,3,3,0,0
158851,0,1,19,0,1,0,1,3.34,0.80754717,1910,3,3,0,0
158866,0,1,18,1,1,0,1,3.6,,,3,2,1,30000
158928,0,1,20,1,,0,1,,0.95,2270,1,1,1,5561
158929,0,1,19,1,1,0,1,4.38,0.990632319,2140,1,2,0,8000
158974,0,1,18,1,1,0,1,4.37,0.881818182,,2,3,0,5000
158975,0,1,18,0,,0,1,3.38,0.656028369,1620,4,3,0,20400
159015,0,1,18,1,,0,0,3.65,0.704453441,1790,3,3,0,24000
159018,0,1,18,1,,0,0,3.34,,,4,3,0,0
159024,0,1,19,1,1,0,1,,,2170,2,2,1,31675
159031,0,1,18,1,1,0,0,3.4,,1740,3,3,0,0
159043,1,1,19,0,1,0,0,3.39,,2110,3,2,0,5000
159048,0,1,19,1,1,0,1,,,,3,2,0,5000
159050,1,1,20,1,1,0,1,3.78,,2200,2,3,0,27950
159096,0,1,19,1,1,0,1,,,1610,3,3,0,0
159112,1,1,19,0,1,0,1,4.05,,,3,2,0,5000
159114,0,1,18,0,1,0,1,3.34,,1830,4,4,0,18000
159292,1,0,30,1,1,0,0,,,,2,2,1,30000
161052,0,0,16,1,1,0,0,,,,3,3,0,24000
161336,0,1,18,1,1,0,0,4.1,0.87706422,1660,3,3,0,0
161360,0,0,19,0,1,0,0,3.59,,,3,3,0,0
161363,0,1,19,1,1,0,1,,,,2,2,1,28125
151402,1,0,20,0,0,0,0,,,2060,2,3,0,29919
153090,1,1,19,1,1,0,0,,,,3,1,1,29000
153091,0,0,21,1,1,0,1,3.4,0.637096774,1720,3,2,1,20000
153092,1,1,18,1,1,0,0,3.36,,1930,3,3,1,24333
153112,0,1,19,1,1,0,0,3.9,,1930,2,2,0,15000
153142,0,1,19,0,1,0,0,2.8,,2120,2,3,0,30000
153151,0,1,19,1,1,0,1,,,1820,3,3,1,24000
153249,1,1,19,1,1,0,1,3.59,,,2,2,1,30000
153437,1,1,19,1,1,0,1,3.66,,,2,2,1,30333
153440,0,1,18,1,,0,1,3.8,0.971875,,3,3,0,0
153524,0,1,18,0,1,0,0,4.26,,2120,2,2,1,8000
153872,0,1,19,1,1,0,1,3.6,0.859296482,1990,3,3,0,15450
153873,0,1,18,1,,0,0,3.84,0.919354839,1850,2,2,1,13100
153961,0,1,19,1,1,0,1,,0.995515695,2350,1,2,1,8000
161416,0,1,19,1,,0,1,,,2090,2,1,1,9005
161457,0,0,20,0,,0,1,,,,4,4,0,0
161472,1,1,20,1,1,0,0,3.73,,,3,3,0,27000
161478,0,1,19,1,,0,0,,,,4,3,0,0
161489,0,1,19,0,1,0,1,,,,2,1,0,13625
161511,0,1,19,0,1,0,1,3.6,,2280,1,1,0,10000
161529,1,1,19,0,1,0,0,,,,3,2,1,30334
161534,1,1,18,1,1,0,1,,,,2,1,1,26650
161539,0,1,19,1,1,0,1,3.8,0.906432749,,2,3,1,5000
161555,0,1,18,1,1,0,0,3.45,,1730,4,3,0,21000
161570,0,1,18,0,1,0,1,2.16,,,4,3,0,0
161571,0,1,18,1,,0,1,3.57,,,3,3,0,3000
161576,1,0,20,1,0,0,0,,,,2,2,1,30166
161578,1,1,19,1,1,0,1,3.7,,,3,2,0,15000
145803,0,1,17,0,1,0,1,4.14,0.933747412,2010,2,4,0,22200
146127,0,1,18,1,1,0,1,3.6,0.899653979,1870,2,1,0,33000
146901,0,1,19,1,1,0,1,3.72,,1670,3,2,0,0
146917,1,1,18,0,1,0,1,,,2230,2,1,1,6913
146996,0,1,19,1,1,0,,3.39,0.741399763,,4,3,0,0
147084,0,1,18,1,1,0,1,3.4,0.774468085,1880,3,2,1,14450
147146,1,1,19,1,1,0,1,3.74,0.886315789,1910,4,3,0,20445
161746,1,1,18,1,1,0,1,3.44,,1980,4,4,0,18334
161807,1,0,27,0,1,0,0,,,,4,2,1,0
161817,0,1,19,0,1,0,1,,,2090,2,2,0,8000
161822,1,1,18,1,1,0,1,3.88,0.86,2040,3,3,0,21900
161823,0,1,19,1,1,0,0,3.3,0.733031674,,3,2,0,0
161825,0,1,19,0,1,0,1,3.74,0.859756098,,4,3,0,21000
161832,1,1,19,1,1,0,0,4,0.975,1980,2,2,0,30850
161848,0,1,18,1,1,0,0,3.56,,1740,3,3,0,0
161849,0,1,19,1,1,0,0,3.75,0.732793522,1980,2,3,0,0
161857,0,1,19,0,,0,1,,,1710,4,2,0,13500
161861,0,1,19,1,,0,0,,,1840,4,3,0,0
161864,0,1,19,1,,0,0,,,,4,3,0,15750
161879,0,1,20,1,1,0,1,,,,2,2,1,10000
161882,0,1,19,1,0,0,1,3.22,,1740,3,2,0,5000
161936,0,1,18,1,0,0,1,3.48,,2000,2,3,0,5000
162022,0,1,19,1,1,0,0,,,1950,3,3,0,24000
162028,0,1,19,0,,0,0,3.8,,1890,3,3,0,0
162084,0,1,19,0,,0,1,4.33,0.983783784,,1,1,1,10000
162091,1,0,20,1,1,0,1,,,,2,3,1,5000
162093,0,1,18,1,1,0,1,,,,3,1,0,30000
162094,0,1,20,1,,0,1,,,,3,3,0,13000
162111,0,1,18,1,1,0,1,,,,2,2,0,0
162151,0,1,18,1,1,0,1,3.98,,1840,2,3,0,5000
162153,0,1,18,1,,0,1,4.48,0.876760563,1940,2,3,0,16700
162156,1,0,21,0,1,0,0,3.95,,2100,2,1,1,33000
162163,0,1,20,1,1,0,0,,0.83919598,1780,2,3,1,0
162302,0,1,19,0,1,0,1,2.8,0.443661972,2030,3,3,0,0
162306,0,1,18,1,,0,1,4.01,,,2,2,1,10000
162375,1,1,21,0,1,0,0,3.85,0.85,1840,3,3,0,24000
162376,1,0,20,0,,0,1,,,,3,2,0,0
162388,0,1,19,1,,0,1,,,,4,2,0,24000
162392,1,0,23,1,1,0,1,,,1860,3,3,1,18000
162400,0,1,19,1,,0,1,4,0.82767624,1950,3,3,0,10000
162561,0,1,19,1,1,0,1,3.9,0.970350404,2050,2,2,0,10000
162584,0,1,19,0,1,0,1,,0.94,2040,2,3,0,25100
162585,1,1,20,1,,0,1,3.99,0.937931034,,2,2,1,0
162600,1,0,22,1,1,0,1,,,,4,3,0,23000
162712,0,1,19,0,1,0,1,3.57,0.727762803,1980,3,3,0,0
162716,1,1,18,0,1,0,1,2.65,,,4,3,0,23000
162718,1,1,18,0,0,0,1,,,,4,4,0,0
162721,0,1,19,1,1,0,0,3.8,0.876033058,1650,3,3,0,0
162728,1,1,19,1,1,0,1,3.84,,,2,2,0,33000
162797,1,0,21,1,1,0,0,,,,2,3,0,21050
162800,0,0,20,1,1,0,1,,,1610,3,3,0,24000
162816,1,1,19,1,1,0,0,,,,3,3,0,15969
162828,0,1,18,1,1,0,1,,,1660,3,3,0,3000
162830,0,1,19,0,1,0,1,,,2210,3,4,0,1500
162835,0,1,20,0,,0,1,,,1880,3,3,1,3000
162836,0,1,19,1,,0,0,3.5,,1850,3,2,0,0
162840,0,0,21,1,0,0,1,3.7,,,3,2,1,5000
162841,0,0,20,0,1,0,1,,,1680,3,4,0,0
162842,0,1,19,1,1,0,1,3.4,,,3,3,0,24000
162856,0,0,20,0,1,0,1,,,2250,1,1,1,10000
162883,0,1,16,1,0,0,1,3.9,0.978540773,2100,2,2,0,30000
162961,1,1,25,1,,0,1,3.7,0.713888889,1900,2,3,0,0
162978,0,0,21,1,1,0,1,3.49,0.75,,4,2,0,4000
162988,0,1,18,0,1,0,1,3.82,0.877192982,,3,2,0,30000
163022,0,1,18,1,1,0,1,,,2300,2,3,1,5000
163036,0,0,21,1,1,0,1,3.6,,,2,2,0,15000
163103,0,1,19,0,1,0,0,3.06,,2110,3,3,0,3000
163119,0,1,21,1,1,0,0,3.9,,1820,4,3,0,0
163297,0,0,21,1,1,0,1,,,1830,3,2,0,15000
163298,0,1,19,0,1,0,1,3.7,0.902723735,1590,3,2,0,24350
163355,1,1,19,0,1,0,0,3.4,,2000,3,2,1,5000
163361,0,0,22,0,,0,0,,,,3,2,0,28400
163408,0,0,23,0,1,0,0,,,1940,3,3,0,3000
163457,0,1,19,0,1,0,1,3.27,0.706214689,1790,4,3,0,8250
163466,1,0,20,1,1,0,0,,,,3,3,0,3000
163795,1,0,22,0,1,0,1,,,,2,4,1,3000
165038,1,1,19,1,1,0,0,3.89,0.825396825,1860,1,2,0,32234
165059,1,1,19,1,1,0,1,4.16,,2290,1,2,0,10000
165060,0,1,18,1,1,0,0,4,0.930232558,2110,2,3,0,0
165078,1,1,19,1,1,0,1,3.09,,,3,3,1,17475
165127,0,1,18,1,1,0,1,,,2040,2,3,0,29075
165131,1,0,21,1,1,0,1,,,2250,2,3,0,0
165140,1,0,22,0,1,0,0,,,2140,4,3,1,0
165148,1,0,21,0,1,0,1,,,1690,4,3,0,0
165193,1,1,19,1,1,0,0,3.7,,,2,3,0,28100
165203,0,1,21,1,,0,0,,,,3,3,1,2000
165273,0,1,19,1,,0,1,,,2120,2,3,0,5000
165303,0,1,19,0,1,0,1,3.43,,2060,2,2,0,22500
165307,0,1,19,1,1,0,0,3.68,,,3,2,0,5000
165340,0,1,19,1,1,0,0,3.7,0.954954955,1890,2,2,1,23303
165472,1,0,20,0,1,0,1,,,,3,3,0,0
165545,0,1,18,1,,0,1,3.7,0.859375,,2,3,0,23400
165566,0,1,19,1,1,0,1,3.48,0.811023622,,2,3,0,7250
165719,0,1,18,1,1,0,1,2.77,0.616494845,,4,3,1,23000
165742,0,1,19,1,,0,1,3.3,,,3,2,0,30000
165753,0,1,19,0,1,0,0,4.42,,,3,3,0,0
165829,0,1,19,1,1,0,1,,,,3,3,1,26000
165842,0,1,18,0,1,0,0,,,2010,3,2,0,20000
167712,0,1,19,1,0,0,0,3.93,,2030,2,2,1,0
168050,1,0,20,1,0,0,0,,,,3,2,1,30745
168052,1,0,22,0,1,0,0,,,,4,2,0,0
168068,0,1,19,0,1,0,0,3.8,0.875,,3,3,0,18750
171812,1,1,18,1,1,0,1,,,1760,2,1,1,32600
174488,0,1,18,1,1,0,1,3.7,0.719298246,1930,2,3,0,0
175197,1,1,18,1,1,0,1,3.6,0.878296146,1860,3,4,0,3000
176081,0,1,18,0,1,0,1,3.05,0.389130435,1750,4,3,0,23000
176650,0,1,19,0,1,0,0,3.46,0.921658986,2080,2,3,0,18050
177563,0,1,18,0,1,0,1,3.2,,2020,3,2,1,15000
181830,0,1,18,1,1,0,1,4,0.99789916,2240,1,3,1,10000
185961,0,1,19,1,1,0,1,3.97,0.772819473,,3,2,1,10000
188325,0,0,19,1,1,0,1,,0.912903226,1810,3,3,0,8850
188439,1,0,22,0,0,0,1,,,1950,2,2,0,10000
188444,0,1,19,1,1,0,1,3.86,,2060,1,2,1,10000
188516,1,1,18,1,1,0,1,3.94,0.786259542,1640,3,3,1,26000
188517,0,1,18,1,1,0,1,4.15,0.917721519,,4,3,0,0
188549,1,1,18,0,1,0,1,4.55,0.960869565,1880,2,3,1,30000
188552,0,1,19,1,,0,1,3.65,,1990,2,3,1,23450
188848,0,1,19,1,1,0,1,3.98,0.9,1900,2,2,0,0
190573,0,1,18,1,0,0,0,3.83,,2000,2,2,0,10000
190604,0,1,18,0,1,0,0,,,1640,3,3,0,3000
190624,0,1,18,1,,0,0,3.8,,,2,2,1,10000
190670,0,1,18,1,1,0,1,4,0.972850679,2000,2,1,1,10000
190752,1,1,18,0,1,0,1,3.43,,,4,2,0,22300
190753,0,1,19,1,1,0,1,,,,2,2,1,12069
190762,0,1,18,1,,0,1,,,,3,2,0,16000
190767,0,1,19,1,,0,1,3.57,,,2,2,1,10000
191352,1,0,21,1,,0,1,,,,2,3,0,0
191391,0,1,19,1,1,0,0,3.97,,1910,2,2,0,0
191420,0,1,19,1,1,0,0,2.9,,,4,4,0,20000
191459,1,0,19,1,1,0,0,,,1600,4,3,0,27000
191467,1,0,20,1,1,0,1,,,1500,3,3,0,0
191468,1,1,18,1,1,0,1,3.85,0.879837067,,3,2,0,30000
192142,0,1,18,1,1,0,1,3.88,0.993506494,1910,1,2,0,32500
192161,1,1,18,1,1,0,1,3.73,0.970515971,2080,2,2,1,33000
192163,0,1,19,1,0,0,0,3.83,,2080,2,2,1,10000
192810,0,1,18,1,1,0,1,3.88,0.912225705,1580,2,2,0,33000
192874,1,0,24,0,1,0,1,,,,4,3,0,0
203009,0,1,19,0,1,0,1,3.98,,2130,1,2,0,16225
203631,0,1,19,1,,0,0,3.55,0.940133038,,2,3,0,30000
203983,0,1,19,1,,0,1,,,,3,3,0,16350
204290,1,0,21,1,1,0,1,3.88,,1980,2,3,1,30000
208528,0,0,18,1,1,0,1,,,1950,3,3,0,0
210112,0,1,19,1,1,0,1,3.8,0.990740741,2000,2,3,0,5000
210147,1,1,18,0,1,0,0,3.78,0.856269113,2040,2,2,1,26425
210169,0,1,18,0,1,0,1,,,1610,3,3,0,26000
210178,0,1,18,0,1,0,1,2.95,,1900,4,3,0,22125
210205,1,1,19,0,,0,1,,,1800,4,3,1,0
210226,1,0,21,1,1,0,0,3.1,0.975308642,2040,2,2,1,26500
210229,0,1,19,0,,0,1,3.57,,,3,3,1,3000
211919,0,0,24,0,1,0,0,,,,2,3,0,15000
213861,1,1,19,1,1,0,1,3.84,0.994186047,,2,3,0,30000
214005,0,0,20,1,,0,1,,,,2,3,0,0
214015,1,1,19,1,0,0,1,,,2010,2,3,0,18050
214039,0,1,18,0,1,0,1,,,,3,3,0,3000
214044,0,1,19,1,1,0,0,3.88,,1930,2,3,0,30000
214047,0,1,19,1,1,0,1,4.7,,2100,2,3,0,26400
214082,1,1,18,1,0,0,0,3.1,0.656848306,1700,4,3,0,23000
214085,0,1,18,0,1,0,1,2.77,,,4,3,0,0
214088,1,0,21,0,,0,1,3.4,,1960,4,3,0,0
214098,0,1,19,1,1,0,1,3.89,0.955307263,,2,2,0,10000
214112,0,1,19,1,0,0,0,3.43,0.629533679,1790,3,2,0,0
214116,1,1,19,1,1,0,1,3.37,,,3,3,0,34600
214263,0,1,18,1,1,0,1,3.68,,1630,3,3,0,4370
214340,0,1,18,1,1,0,1,3.57,0.84,1720,3,3,0,26000
214346,0,1,19,0,1,0,1,3.8,0.931106472,2020,2,3,0,27050
214376,0,1,19,1,1,0,1,4.3,0.971193416,1970,2,1,0,10000
214384,1,1,20,1,1,0,1,3.5,,1970,3,2,1,30000
214385,0,1,19,0,1,0,1,3.6,,1860,2,2,0,33000
214389,1,1,19,1,1,0,1,,,1630,3,3,1,0
214396,0,1,18,0,1,0,0,,0.686567164,1890,3,2,0,0
214451,1,1,21,1,1,0,1,,,2050,2,2,0,0
214482,0,0,19,1,,0,1,3.7,,,2,2,1,10000
214487,0,1,19,0,1,0,1,3.7,0.931506849,1980,1,1,0,10000
214496,0,1,19,1,1,0,1,3.95,,2060,2,3,0,5000
214541,1,0,26,0,,0,0,,,,4,2,1,0
214572,1,1,21,1,1,0,0,,,,3,2,0,34500
214573,0,1,19,1,1,0,1,3.5,0.729083665,1740,3,2,1,23650
214604,0,1,19,1,1,0,1,3.89,0.812286689,1990,2,3,0,5000
214606,1,1,19,1,1,0,0,3.83,,2020,2,2,0,33000
214743,0,1,18,1,1,0,0,3.88,0.853881279,,1,2,0,0
214747,0,1,19,1,1,0,1,4.06,,1820,3,2,0,10000
214762,0,1,23,0,1,0,1,,,1720,3,2,0,0
214763,1,1,19,1,1,0,1,3.66,,,2,3,0,27325
214764,1,1,19,0,1,0,1,3.62,,,3,2,1,12500
214793,1,1,19,1,1,0,1,4,0.987012987,2260,1,2,1,10000
214801,1,1,19,0,1,0,1,3.44,0.753846154,,3,2,1,26500
214807,0,1,19,1,1,0,1,,,,3,3,0,26000
214817,0,1,19,1,1,0,1,,,1770,3,3,0,3000
214831,1,1,19,0,1,0,0,3.48,,,4,3,1,9750
214873,0,0,22,1,,0,1,,,2210,2,4,1,3000
214878,0,1,20,0,1,0,1,3.4,0.388059701,1460,3,3,0,3000
214880,0,1,18,0,1,0,1,3.75,0.882352941,,2,3,1,0
214897,0,1,18,1,1,0,1,,,1990,2,1,0,23650
214924,1,1,20,1,1,0,0,3.75,,,3,4,1,27054
214938,0,1,19,1,1,0,0,3.69,,1840,3,2,0,5000
214940,1,1,18,1,1,0,1,,,2030,2,1,0,10000
214943,0,1,19,1,1,0,0,,,2210,3,3,0,0
214947,0,1,19,1,1,0,1,3.4,,2140,2,2,0,10000
215046,0,1,28,0,1,0,1,4.23,,,2,4,1,26000
215057,0,1,28,0,1,0,1,3.5,,1940,2,3,0,5000
215069,0,1,19,1,1,0,1,3.78,0.894736842,,3,3,0,26000
215088,0,1,19,1,,0,1,3.7,0.776422764,1560,3,3,0,3000
215111,1,0,19,0,1,0,1,,,,3,3,0,0
215142,0,1,19,0,1,0,1,,,1960,3,4,0,0
215200,0,1,19,1,1,0,1,4,0.988785047,,1,2,1,10000
215250,0,1,19,1,1,0,1,3.98,0.911111111,1870,3,4,0,0
215395,0,1,19,1,1,0,0,,,1610,3,2,1,18475
215455,1,0,26,0,1,0,0,,0.896551724,,6,3,0,0
215458,1,1,19,0,1,0,1,3.76,,2000,2,2,0,10000
215460,0,1,18,1,1,0,1,3.58,0.76344086,1730,3,3,0,26000
215465,0,1,19,0,,0,1,3.55,0.731707317,,3,2,1,8600
215478,0,1,18,1,1,0,0,,,,3,3,0,0
215479,0,1,18,1,0,0,0,3.61,0.96,,4,2,0,26000
215481,1,0,23,1,1,0,1,,,,2,2,1,28225
215482,1,0,22,1,1,0,1,,,1630,3,3,1,13000
215484,0,0,20,1,,0,0,3.79,0.880681818,,3,2,0,0
215487,0,1,18,1,1,0,0,3.59,,,4,3,0,23000
215488,1,0,23,1,1,0,0,,,,3,3,0,26861
215492,1,0,21,0,,0,1,,,,4,2,1,26000
215521,0,1,19,1,1,0,1,3.73,0.782758621,1570,3,3,0,26000
215540,0,1,18,1,1,0,1,3.76,,2110,2,2,0,10000
215541,0,1,19,1,1,0,1,3.65,0.75,1820,3,2,0,11675
215543,0,1,19,1,0,0,,3.3,,1610,3,3,0,26000
215545,0,1,18,1,1,0,1,4.4,,2260,1,1,1,10000
215554,0,1,18,1,1,0,1,3.14,0.843137255,2040,3,3,0,24600
215622,0,1,18,1,1,0,1,3.54,,1570,3,4,0,16125
215623,0,1,19,0,1,0,0,2.8,,,4,3,0,0
215624,0,1,19,1,1,0,0,3.5,0.85,1400,4,3,0,0
215628,1,1,18,1,1,0,1,2.55,0.4453125,1610,4,3,0,23745
215629,0,1,19,1,0,0,0,3.55,0.907131012,,3,3,0,0
215638,1,1,19,0,1,0,1,3.4,,,4,2,0,26575
215673,0,1,19,1,1,0,0,4,,1960,2,2,0,0
215727,0,1,19,1,1,0,1,3.8,,1860,2,3,0,0
215728,0,1,19,1,1,0,1,3.82,0.919786096,,2,3,0,30000
215777,0,0,21,0,1,0,1,,,1960,2,2,0,10000
215801,1,1,18,0,1,0,0,3.39,,1800,3,3,0,26000
215871,0,1,18,1,1,0,0,3.24,,,4,3,0,0
215876,0,1,19,0,1,0,1,3.65,0.824324324,1960,2,2,0,10000
215877,0,1,19,1,,0,0,,,1610,2,2,0,33000
215884,0,1,19,0,1,0,0,,,1990,3,3,0,20000
215887,0,1,19,1,,0,1,,,1920,2,3,0,5000
215888,0,1,18,1,1,0,1,,,1770,2,2,0,29125
215891,0,1,18,1,1,0,1,3.2,,1540,3,3,0,0
215893,0,1,18,1,1,0,1,4,0.893442623,2090,2,1,0,17500
215895,0,0,19,1,,0,0,,,1870,4,3,0,0
215919,0,0,18,1,1,0,1,,,2020,3,3,0,15000
215927,0,1,18,1,0,0,1,4.17,0.964285714,1650,4,3,0,0
215928,0,1,19,1,1,0,1,4,,2110,2,2,0,26425
215960,1,1,19,0,1,0,0,3.25,,1890,2,2,0,0
215961,0,1,20,1,1,0,1,3.6,,2000,3,3,0,0
215963,0,1,18,1,1,0,0,3.22,0.865671642,1700,3,2,0,5000
215965,0,1,19,1,1,0,1,,,,2,2,0,23098
215966,0,1,19,1,1,0,0,3.7,0.9,1900,3,2,0,0
215968,0,1,19,1,1,0,1,3.67,,2010,3,3,0,26000
215973,0,1,19,1,1,0,1,3.79,0.928571429,1750,3,3,0,3000
215976,0,1,18,1,1,0,1,4,,,2,3,0,20375
215978,0,0,20,1,1,0,0,3.5,0.905063291,1850,2,3,0,5000
215984,0,1,19,1,0,0,1,3.6,,,3,2,0,30000
216073,0,1,18,0,1,0,1,3.09,,1830,4,2,0,3000
216074,0,1,19,0,,0,1,3.96,,,2,1,0,0
216075,1,1,19,1,1,0,0,3.85,0.871165644,1560,4,3,0,23000
216078,0,1,18,0,0,0,,3.46,0.954545455,,3,3,0,26000
216083,1,1,17,1,1,0,0,3.99,0.933673469,1900,2,3,0,9000
216086,0,1,18,1,1,0,0,3.59,0.78680203,1910,4,3,0,0
216097,0,1,19,1,1,0,1,3.8,,,2,2,0,10000
216185,1,0,19,1,1,0,0,,,,3,2,0,26000
216187,1,0,21,0,1,0,1,3.7,,2040,2,2,0,0
216216,0,1,19,0,1,0,0,3.6,,1600,4,3,0,23000
216217,0,1,19,1,1,0,0,,,,3,1,0,10000
216219,0,1,19,1,1,0,1,,,1720,4,3,0,0
216220,0,1,18,1,,0,1,,,2030,3,3,0,0
216232,0,1,18,1,1,0,1,3.4,,2030,2,2,0,31600
216275,0,1,18,1,1,0,1,,0.915194346,1950,2,3,1,5000
216302,1,1,27,0,1,0,0,,,,4,4,1,23000
216305,0,0,20,1,1,0,0,,,,3,2,1,0
216308,0,1,19,1,1,0,0,3.89,0.928278689,1580,3,2,0,0
216309,0,1,18,1,1,0,0,3.8,0.956521739,2030,2,3,0,10000
216409,1,1,19,1,0,0,0,,,1950,5,3,0,26000
216411,0,1,18,1,,0,1,3.4,,1770,4,4,0,0
216414,0,1,19,1,0,0,0,3.4,,,3,4,0,15000
216419,0,1,19,0,1,0,1,,,1640,3,3,0,3000
216426,0,0,19,1,1,0,1,,,,2,2,0,10000
216456,0,1,18,1,,0,1,3.5,,,2,1,0,33000
216458,1,0,21,1,1,0,1,3.69,,,2,2,0,10000
216517,0,1,18,0,1,0,1,,,,2,2,1,10000
216536,0,1,18,0,1,0,1,3.56,,1630,4,3,1,0
216546,1,0,21,1,0,0,0,4,,,3,3,0,26000
216549,0,1,20,0,0,0,1,,,,4,4,0,0
216588,0,0,25,0,1,0,0,,,,4,3,0,23000
216589,1,0,22,0,1,0,1,,,2020,3,2,0,30000
216609,0,0,19,1,1,0,0,,,,3,3,0,26000
216627,0,1,18,1,1,0,1,3.93,,1830,2,1,0,10000
216666,0,1,18,1,1,0,1,3.97,0.99015748,2360,1,2,0,27100
216672,0,1,18,1,1,0,1,,,,3,3,0,26000
216674,1,0,20,1,1,0,0,3.9,,1680,3,3,0,26721
216680,0,1,19,0,1,0,1,3.89,,,3,2,0,30000
216703,0,1,19,1,,0,1,3.37,,1770,3,2,0,24675
216759,0,1,18,1,1,0,1,3.71,0.698630137,,3,3,0,3000
216764,0,0,20,1,,0,1,,,1960,2,2,1,15000
216765,1,1,18,1,1,0,1,3.77,,,2,2,0,33000
216787,0,1,20,0,,0,1,,,1840,3,3,0,3000
216791,0,1,18,0,1,0,0,3.6,,1690,3,3,0,3000
216793,0,1,18,1,0,0,0,3.62,,,4,3,0,23000
216795,0,1,19,1,1,0,1,3.25,,1600,4,3,0,0
216798,0,1,18,0,,0,0,3.36,0.727272727,2210,3,4,0,11550
216799,0,1,18,1,0,0,1,3.46,,1940,2,3,0,30000
216805,1,1,19,1,1,0,0,3.93,0.907284768,1800,2,3,0,29445
216806,0,1,19,1,1,0,0,3.9,,1720,2,2,0,0
216812,0,0,21,1,1,0,1,,,,2,3,0,5000
216814,1,1,19,1,1,0,1,3.51,,,3,2,0,15000
216815,1,0,21,1,,0,1,3.92,,2100,3,3,0,0
216823,0,1,19,1,,0,1,3.5,,,3,2,0,5000
216832,1,1,19,0,1,0,1,3.55,0.641025641,1760,3,2,0,35225
216955,0,1,19,1,1,0,1,,,2160,2,2,0,10000
216982,1,0,21,0,1,0,1,,,,3,2,1,30000
216994,0,1,19,1,1,0,0,3.74,,,4,3,0,23000
217002,0,0,20,1,1,0,0,,,,2,3,0,8450
217006,1,0,20,1,1,0,0,3.84,,,2,2,1,31945
217032,1,0,20,0,1,0,0,,,,3,3,0,20475
217041,1,0,20,1,1,0,0,,,,2,2,1,28500
217092,1,1,20,0,1,0,0,,,,4,2,1,27900
217093,0,0,21,1,1,0,1,3.87,0.947761194,2010,2,2,0,33000
217132,0,1,18,1,1,0,1,3.06,,,3,3,1,7500
217155,0,1,19,1,1,0,1,3.9,,,2,2,1,10000
217164,0,1,19,1,0,0,0,3.67,,1920,2,2,1,34000
217171,1,1,19,1,1,0,1,3.7,0.87032419,1820,2,2,1,35200
217175,1,0,21,1,,0,0,,,,3,3,1,0
217201,0,1,19,0,1,0,1,3.93,0.8,1780,2,2,1,35350
217923,1,1,19,1,1,0,1,3.7,,1820,3,3,0,32349
218149,0,1,19,1,1,0,1,,,2010,2,2,0,24925
218676,1,1,20,0,1,0,0,,,,3,2,1,26147
218695,0,0,20,1,1,0,1,,,,2,4,0,13875
218760,0,0,20,1,1,0,0,,0.799382716,1840,2,3,0,5000
218796,0,1,18,1,1,0,1,,,,4,3,0,33900
218806,0,1,18,1,1,0,1,3.92,,2020,3,3,1,7500
218807,1,1,19,1,,0,0,3.67,0.8625,,3,3,1,34200
218810,1,0,22,0,1,0,1,,,1740,3,3,0,26000
218819,1,1,18,1,1,0,1,3.56,,1670,3,3,1,3000
218845,0,0,20,1,1,0,1,,,1680,3,3,0,26000
218851,0,1,19,1,1,0,1,3.32,,,4,2,0,28450
218871,1,1,19,1,1,0,1,3.15,0.765625,1930,3,3,1,22950
218883,0,1,19,1,1,0,0,4.85,0.995215311,2340,1,2,1,36500
218886,1,1,19,0,1,0,0,3.01,,,3,2,0,10000
218889,1,0,23,0,1,0,1,,,1810,3,4,1,0
218962,0,1,19,1,1,0,1,3.27,,,3,3,1,7500
218963,1,1,19,1,1,0,1,2.73,,,4,2,0,7500
219925,0,1,19,0,1,0,1,,0.823643411,2010,2,3,0,11500
222490,0,1,18,1,1,0,0,,,2020,3,3,0,0
227568,1,1,19,0,1,0,1,4,0.867579909,1810,2,3,1,35500
228064,1,0,19,0,1,0,1,3.39,,1780,3,2,0,19382
228077,0,0,20,0,,0,1,3.49,,1770,3,3,0,0
229009,0,1,19,1,,0,1,3.74,0.794520548,,3,2,0,34450
229078,0,1,19,1,,0,1,,,1970,2,2,0,12500
229957,0,1,18,1,1,0,1,3.36,0.8125,1900,3,2,0,22825
230502,1,1,18,0,,0,0,3.74,0.847222222,,2,2,1,33325
231895,1,1,19,1,1,0,1,3.6,,,3,2,0,14920
233374,0,1,18,0,,0,0,3.98,,1960,2,2,0,10000
234864,0,1,19,1,1,0,1,4,0.981481481,2200,2,2,0,34600
235332,1,1,19,1,1,0,1,,,1940,2,2,1,35200
235381,0,1,19,0,,0,1,3.5,0.677966102,1520,4,3,0,0
235392,0,1,18,0,,0,1,3.48,,,3,2,0,20000
235403,0,1,19,0,1,0,0,3.41,,,3,3,1,10000
235404,0,1,19,0,1,0,1,3.6,0.779661017,1700,3,3,1,37125
235433,1,1,19,1,1,0,1,3.8,0.684210526,,3,2,1,21200
235440,1,1,18,1,1,0,1,3.7,,,3,3,1,35100
235471,1,0,26,0,1,0,1,,,,4,2,1,7500
235478,1,1,19,1,0,0,1,3.73,0.79245283,1430,3,3,1,27600
235514,1,0,19,1,1,0,1,3.3,0.74829932,,3,3,1,0
235518,0,1,19,1,1,0,0,3.75,0.703389831,2140,2,2,0,0
235531,1,0,23,1,1,0,1,,,,3,2,1,0
235535,0,1,19,1,1,0,1,,,2080,2,2,1,34825
235543,0,1,18,1,1,0,0,,,,3,2,1,34750
235549,0,0,24,1,,0,,,,,2,2,0,0
235559,0,1,19,1,1,0,1,3.9,0.946745562,1700,2,2,1,32000
235560,0,1,19,1,1,0,0,3.5,0.588516746,,3,2,0,0
235561,0,1,20,1,0,0,1,,,,1,1,1,25125
235565,1,1,19,1,1,0,1,3.34,0.839366516,1990,3,2,1,29650
235577,0,1,18,1,1,0,1,3.8,0.928057554,1810,3,3,1,34500
235578,0,1,19,1,1,0,1,,,,2,3,1,10000
235581,0,1,19,1,1,0,1,3.89,,1980,2,3,0,35650
235583,0,1,19,1,1,0,1,3.33,,1930,2,2,1,10000
235611,1,1,20,1,1,0,1,,,,2,2,1,34450
235612,0,1,19,1,1,0,0,,,2100,2,3,0,0
236095,0,1,19,1,1,0,1,3.35,0.880090498,1940,2,3,0,34525
237263,0,1,19,1,1,0,1,3.68,0.825396825,2170,3,2,0,35875
237782,0,1,19,0,1,0,0,,,,2,2,0,35350
240720,0,1,18,1,1,0,1,3.46,,,3,3,0,7500
242214,1,1,19,1,1,0,1,4,,,2,2,0,34300
242861,0,1,19,1,1,0,1,,,1630,3,3,0,34275
243253,0,1,18,1,1,0,0,4.28,,2290,2,2,0,10000
245821,1,1,18,0,1,0,0,3.39,,1830,3,3,1,29500
246710,0,1,18,0,1,0,1,4.15,0.963210702,1900,2,2,1,23350
248857,0,1,19,1,,0,1,3.82,,,3,2,1,22300
248925,1,1,19,1,1,0,0,3.6,0.823529412,1780,3,3,0,31550
248962,1,1,18,0,0,0,0,3.81,0.836477987,,2,3,0,31825
249540,0,1,19,0,1,0,1,,,,4,3,1,30175
249656,1,1,19,1,1,0,1,3.87,0.942857143,1960,2,3,0,35650
251136,1,1,19,1,1,0,1,3.5,,1940,2,2,1,33025
252862,0,1,19,1,1,0,0,,,1690,3,3,0,0
253482,0,1,19,1,1,0,1,4.4,0.914383562,2180,1,1,0,36200
253532,0,1,18,0,1,0,1,2.78,,1700,3,2,1,10000
253653,1,1,19,0,1,0,1,,,,3,2,0,33050
254133,0,1,18,0,1,0,0,3.97,0.598885794,2050,3,4,1,0
255509,0,1,19,1,1,0,1,3.08,,1870,3,3,0,26400
256445,0,1,18,1,1,0,1,,,1050,3,3,0,0
257403,0,1,19,1,1,0,0,4.7,0.99591002,2250,1,3,0,34300
257665,0,1,18,1,1,0,1,3.83,,2030,2,3,0,34300
258327,0,1,19,1,1,0,1,3.84,,,2,2,0,24475
258622,0,1,19,1,0,0,0,3.7,0.696551724,1630,3,3,0,9600
258952,0,1,18,1,1,0,1,,,,3,3,0,7500
259218,0,1,19,1,0,0,1,,,,3,2,0,10000
259789,0,1,18,0,,0,0,3.88,,1770,3,3,0,7500
259958,1,1,19,0,1,0,1,3.88,,2040,2,2,0,35650
261413,0,1,19,1,1,0,1,,0.996598639,1980,1,2,0,27700
261414,1,0,26,1,1,0,0,,,,4,3,0,0
261421,0,1,19,1,1,0,1,3.88,,1730,3,3,0,0
261441,0,1,18,1,1,0,0,4.5,,1800,3,2,1,10000
261442,0,1,18,1,1,0,1,3.6,,,2,2,1,21200
261998,1,0,20,1,1,0,1,,,,3,2,0,27000
262030,0,1,18,1,1,0,1,,,,2,2,1,33875
262070,0,1,20,1,,0,0,3.79,0.902777778,1760,2,2,0,0
262073,1,1,19,1,1,0,0,3.9,0.893175074,,2,2,0,28450
262123,0,1,20,1,0,0,1,,0.825,,2,3,0,22900
262124,1,0,19,1,1,0,1,3.91,,1860,2,2,1,10000
262128,0,1,18,1,1,0,1,3.43,0.654761905,1540,4,3,0,34350
262184,0,0,20,1,1,0,0,,,,4,3,0,0
262191,0,1,19,1,1,0,0,3.59,,1690,3,2,1,10450
262200,1,1,19,1,1,0,1,3.67,0.821428571,1790,3,3,1,32250
262252,0,1,19,1,,0,0,,,1980,2,1,1,10000
262255,1,0,19,1,1,0,1,3.8,,,2,2,0,0
262261,0,1,17,1,,0,0,3.63,,1900,3,2,1,20500
262263,0,1,19,1,1,0,0,3.15,,1830,3,2,1,10000
262281,0,1,18,1,,0,1,,,,3,3,0,7500
262297,0,1,18,1,1,0,1,3.86,,2140,2,3,1,31370
262308,0,1,19,1,1,0,0,3.07,0.88772846,1960,3,2,0,10000
262309,0,1,18,0,1,0,1,3.74,,2250,2,2,1,18775
262311,1,0,24,1,1,0,1,,,2050,2,2,1,31800
262313,0,1,20,0,0,0,1,,,,2,3,0,0
262315,0,1,19,1,1,0,0,3.53,0.605055292,,4,2,0,0
262338,1,0,21,1,0,0,0,,0.566473988,,4,3,1,0
262339,1,0,29,0,1,0,0,,,,3,2,1,0
262340,0,1,19,0,1,0,0,3.28,,,2,3,0,10000
262354,1,1,18,1,0,0,1,3.6,0.89,,4,3,0,18000
262366,1,1,19,1,1,0,1,3.22,0.659459459,,4,3,0,31050
262367,0,1,19,0,1,0,0,3.24,,1860,2,3,0,34400
262379,0,1,19,0,1,0,1,,,,2,1,1,31150
262380,1,1,18,1,1,0,0,3.8,,1880,2,2,1,16170
262400,0,0,22,1,,0,1,,,,2,2,0,10000
262402,0,1,19,1,1,0,1,,0.987179487,1980,2,2,0,23425
262405,1,1,19,1,1,0,1,3.92,0.862129145,1750,3,2,1,0
262417,1,0,21,1,1,0,1,,,,3,3,0,34449
262428,1,1,19,1,1,0,0,3.64,,,3,2,0,32125
262429,0,1,19,1,1,0,1,3.99,0.953271028,,2,3,0,25150
262435,0,1,18,1,1,0,0,,0.878612717,1860,3,3,0,0
262443,0,1,19,0,1,0,0,3.39,,,4,3,0,0
262451,0,1,20,1,0,0,1,3.9,,,3,3,0,34425
262455,0,1,19,1,1,0,1,4.7,0.983516484,2070,2,2,0,22450
262459,0,1,18,1,1,0,0,3.46,0.709401709,,3,3,0,0
262462,0,1,18,1,1,0,1,2.76,,1790,4,3,0,31650
262483,0,1,18,0,1,0,0,4.23,0.915789474,1740,2,2,0,29350
262484,0,1,18,0,1,0,1,,,2130,1,2,1,19735
262490,0,1,18,1,1,0,1,3.5,0.747368421,,3,3,0,34500
262492,0,1,18,1,1,0,1,3.73,0.785714286,,3,2,1,17350
262493,0,1,19,1,1,0,1,3.56,,,3,2,1,10000
262495,0,1,18,1,1,0,1,2.5,,2060,4,2,0,7500
262498,1,1,19,0,1,0,0,3.72,0.850746269,2050,2,2,0,35500
262526,0,1,19,1,1,0,1,3.62,,,2,2,0,10000
262535,1,1,19,1,1,0,1,3.7,0.97826087,1800,2,2,0,35500
262549,0,0,20,0,1,0,0,3.26,,,3,3,0,0
262553,0,1,19,1,1,0,1,,,,3,2,0,0
262556,0,1,19,0,0,0,0,,,,4,3,0,0
262569,0,1,19,1,1,0,0,,,,4,3,0,0
262595,0,1,19,1,1,0,1,3.99,0.955497382,2090,2,2,0,27700
262600,0,1,19,1,,0,1,2.95,,1630,4,2,0,10000
262605,0,1,21,1,0,0,1,3.27,0.37254902,,3,2,0,10000
262606,0,1,18,0,1,0,1,3.5,0.88,,3,3,0,0
262608,1,1,18,1,1,0,0,2.48,0.313953488,,4,3,0,35025
262610,0,1,18,0,1,0,1,3.6,,1900,3,3,0,7500
262614,0,1,19,1,1,0,0,3.85,,,2,2,0,0
262616,0,1,19,0,1,0,1,3.89,,1810,2,2,0,16825
266140,0,1,18,0,1,0,1,3.42,0.550239234,1840,3,3,0,7500
266144,0,1,19,1,1,0,1,3.58,,,4,3,0,35100
266169,1,1,17,1,1,0,1,4,0.75,2030,2,3,0,35500
266188,0,1,19,1,1,0,1,3.84,,,2,2,1,12835
266189,0,1,19,0,1,0,1,3.69,,,3,3,0,7500
266197,1,1,19,1,1,0,0,3.4,0.660714286,,4,3,1,34350
266203,0,1,18,1,1,0,0,3.26,0.50955414,,4,3,0,0
266204,0,1,19,1,,0,1,3.32,0.56928839,1690,4,3,0,24150
266217,1,1,18,1,0,0,1,3.6,,1520,3,3,0,34425
266220,0,1,18,0,,0,1,,,1830,2,3,0,34450
266233,0,1,19,1,,0,1,4.38,0.992982456,2270,1,2,0,17250
266235,1,0,20,1,,0,1,3.87,,,2,2,0,0
266236,1,0,21,0,1,0,1,3.43,,,4,2,1,0
266237,0,1,19,0,1,0,1,,,,3,3,0,0
266251,0,1,18,1,1,0,1,3.8,,,2,2,1,17200
266298,0,1,20,0,0,0,0,2.9,,,4,3,1,7500
266306,0,1,19,0,1,0,1,4,,2280,1,1,0,12500
266307,0,1,19,0,1,0,1,2.49,,,4,3,1,18000
266321,1,1,18,0,1,0,1,3.81,,,2,2,0,6500
266322,0,1,19,0,1,0,0,3.94,,1980,2,2,0,0
266327,0,0,19,1,1,0,1,,,2150,2,2,0,19150
266338,1,1,18,0,1,0,1,3.57,,1870,3,3,0,34500
266403,0,1,18,1,1,0,1,3.68,0.685185185,1740,3,3,0,35475
266425,1,0,21,1,,0,1,,,,3,3,1,0
266432,0,1,19,1,1,0,1,,,1720,3,3,0,9975
266439,0,1,22,0,,0,0,3.27,,2160,2,3,0,10000
266443,0,1,18,1,0,0,0,,,2130,2,2,0,10000
266453,1,1,19,1,1,0,0,3.8,0.886363636,1630,2,2,0,34700
266489,0,1,18,0,1,0,0,4,0.978142077,2280,2,2,0,35425
266495,1,1,19,1,1,0,0,3.6,,1740,3,4,0,34650
266505,0,1,19,1,1,0,1,3.84,0.963709677,2040,2,3,0,34525
266512,0,1,19,1,,0,1,3.9,0.987654321,,3,2,0,10000
266548,1,1,19,1,0,0,1,2.88,0.64057971,1860,3,3,1,26700
266692,0,1,18,1,,0,0,3.6,0.775423729,1770,3,2,0,34450
266702,0,1,18,1,1,0,1,3.85,,,3,3,0,34150
266703,0,1,19,0,0,0,0,,,,3,2,0,10000
266706,1,0,24,1,1,0,1,,,1960,3,4,0,0
266707,1,1,18,1,1,0,1,3.6,0.661764706,,4,3,0,33750
266709,0,1,19,0,,0,1,2.66,,2190,4,3,0,10000
266712,0,1,19,1,1,0,1,,,,3,3,0,13650
266715,0,1,19,1,1,0,1,3.9,,2040,2,2,0,35425
266718,0,1,18,1,1,0,1,,,1560,4,2,0,7500
266720,0,1,19,1,0,0,0,3.56,0.831578947,,3,3,0,0
266726,0,1,20,0,,0,1,4,,2010,2,2,0,16283
266727,0,0,20,1,1,0,1,,,,3,3,1,0
266734,0,1,19,1,1,0,1,3.2,0.595317726,,4,2,1,21900
266745,1,1,19,0,1,0,1,,,2050,1,2,0,33325
266747,1,0,21,1,1,0,1,,,1780,3,3,1,32700
266749,0,1,19,1,1,0,0,3.46,,,4,3,0,0
266750,0,1,18,1,,0,1,4.09,0.856573705,2130,2,2,0,27475
266752,0,1,19,1,1,0,0,3.8,0.75,,3,2,0,0
266754,1,1,19,1,1,0,1,3.45,0.610738255,,4,3,0,35100
266757,0,1,19,1,1,0,1,,,,3,2,0,35350
266794,1,1,19,0,1,0,1,3.78,,,2,2,0,30000
266858,0,1,18,1,,0,1,3.9,0.888059701,1690,3,3,0,35475
266893,0,1,19,1,0,0,1,3.87,0.830860534,1780,2,2,0,10000
266895,0,1,19,1,1,0,1,3.89,0.958139535,2020,2,2,0,10000
266899,0,0,22,0,1,0,0,3.89,,1940,2,2,0,0
266902,0,1,19,1,1,0,0,,,,4,2,0,0
266904,0,1,19,1,0,0,0,3.73,0.71875,1650,4,3,0,0
266910,0,1,18,0,1,0,1,4,,,1,2,0,35800
266914,0,1,19,1,1,0,1,4,0.956521739,,2,2,0,35425
266917,1,0,21,0,1,0,1,,,1990,3,3,0,22725
266918,0,1,18,0,1,0,1,3.4,0.869565217,1940,2,3,0,15700
266920,0,0,20,1,,0,0,4,,2020,2,3,0,10000
266932,0,1,19,1,1,0,0,3.99,0.985507246,,2,1,0,10000
266934,0,1,19,1,1,0,1,,0.985714286,2040,1,2,0,10000
266937,0,1,19,0,1,0,1,4,0.985611511,2370,1,3,0,10000
266977,0,0,19,1,1,0,0,,,,3,4,0,0
266978,0,1,18,1,1,0,1,,,2030,3,3,0,10000
267006,0,1,20,0,1,0,1,,0.980568012,1880,2,2,1,16274
267051,1,0,19,1,1,0,0,3.91,0.951612903,1770,3,3,0,33750
267053,0,1,19,1,1,0,1,,,2070,2,1,0,10000
267092,0,1,18,1,1,0,0,3.9,,2060,3,3,0,0
267137,1,0,21,1,1,0,1,,,2080,2,2,1,12500
267138,0,1,25,0,0,0,,,,,2,2,0,35200
267144,0,1,19,0,,0,0,3.37,,,3,3,0,0
267181,0,1,18,1,1,0,1,,,1830,2,3,0,10000
267186,0,1,18,0,1,0,1,3.67,0.891509434,1710,3,2,0,10000
267198,0,1,18,1,1,0,1,3.01,0.522727273,,4,2,0,0
267199,0,1,19,1,1,0,1,3.91,,2110,2,2,0,10000
267220,1,0,20,1,1,0,1,,,,2,2,0,35350
267293,1,1,19,1,1,0,1,3.89,0.929824561,2000,2,3,0,34000
267296,0,1,19,1,1,0,1,3.29,0.535971223,,4,3,0,5000
267327,0,1,19,1,0,0,0,4,0.838509317,1480,3,3,0,0
267346,0,1,19,1,1,0,1,3.88,0.815939279,1760,3,4,0,0
267349,1,1,19,0,0,0,0,3.22,,,3,1,0,22075
267355,0,1,19,0,0,0,0,,0.910344828,1740,2,4,0,34500
267356,0,0,20,0,1,0,1,3.78,0.846820809,,3,3,0,7500
267361,0,0,22,1,1,0,0,,,,2,3,0,10000
267367,0,1,19,1,1,0,1,3.86,,,3,3,0,17350
267381,1,1,18,0,1,0,1,3.4,0.623287671,,4,2,1,34050
267394,0,1,19,1,0,0,1,94.92,0.936026936,,2,2,0,35425
267399,1,1,19,1,1,0,0,3.45,,1790,3,3,0,29550
267401,0,0,21,0,1,0,1,2.7,,,4,3,0,15000
267402,0,1,19,0,0,0,1,,,,5,2,0,7500
267445,1,1,18,0,1,0,0,2.81,0.483870968,1750,4,3,0,30750
267446,0,1,19,1,0,0,0,4,0.976,,2,2,0,35500
267447,0,1,19,0,0,0,0,3.9,0.836569579,,2,3,0,0
267456,0,1,18,0,1,0,0,3.4,0.694736842,2130,4,3,0,0
267461,0,1,20,1,1,0,0,2.7,0.616104869,2090,4,3,0,0
267463,0,1,18,0,,0,1,3.4,,1910,3,4,0,0
267464,0,1,19,0,1,0,1,3.41,,1720,3,3,0,25275
267473,0,1,18,1,1,0,0,3.51,,,3,3,0,35400
267476,0,1,19,1,1,0,1,,,1610,2,3,0,29050
267533,1,0,29,0,0,0,0,,,,3,3,1,35350
267537,0,1,18,1,1,0,1,,,1860,4,3,0,0
267547,0,1,18,1,0,0,1,3.97,0.75,,4,2,0,35250
267553,0,1,19,1,0,0,0,3.63,0.894545455,1500,3,3,0,0
267564,0,1,19,1,1,0,1,3.85,0.891774892,,2,4,0,33300
267582,0,1,19,0,1,0,1,3.68,,2140,2,2,0,35050
268308,0,1,19,1,1,0,0,3.5,,,2,2,0,0
268331,0,1,19,0,1,0,1,,,,3,3,1,7500
268381,0,1,18,1,1,0,1,,,,3,3,0,17025
268418,0,1,19,0,1,0,0,2.6,,1980,4,3,1,0
268419,0,1,18,1,1,0,1,3.46,,1600,3,3,0,30525
268423,1,1,26,0,0,0,0,3.17,,,3,2,0,34225
268424,1,1,18,1,0,0,0,3.56,0.858208955,,4,3,0,30449
268474,0,1,17,1,0,0,0,,,,1,1,0,35375
268480,1,0,33,0,1,0,0,,,,3,3,1,33900
268579,0,0,22,1,,0,1,,,2070,2,2,0,22450
268637,1,0,22,1,1,0,0,,,,3,2,0,31600
268703,0,1,21,0,1,0,1,,,1790,3,2,0,34750
268712,0,0,22,1,1,0,0,,,1690,3,3,0,26500
268713,0,0,19,0,1,0,1,3.36,,,3,2,0,35425
268730,1,0,21,0,1,0,1,3.7,0.968,1930,3,2,1,35650
268733,1,0,21,1,1,0,1,,,,2,2,0,22300
268770,0,0,20,0,0,0,0,3.9,0.958405546,2000,2,2,0,34000
268864,1,1,20,0,1,0,1,,,,2,2,1,34325
268894,0,0,21,1,,0,,,,1980,2,2,0,0
268993,1,0,21,1,1,0,0,3.79,,1970,2,2,1,12500
301649,1,0,19,1,1,0,1,,,1890,3,2,1,7500
311056,1,1,19,1,0,0,1,,,,3,3,1,7500
5794,1,0,26,1,,0,1,,,,3,2,1,0
6173,1,1,25,0,,0,1,,,,5,3,0,0
6258,1,0,49,1,1,0,,,,,4,3,0,23334
6360,1,1,24,1,0,0,1,3.06,0.260869565,,2,2,0,26250
6629,1,1,24,1,1,0,1,,,,3,2,0,18334
7082,1,0,25,0,,0,1,,,,3,3,1,0
7239,1,0,23,1,1,0,0,3.34,,1980,3,2,1,0
7459,0,0,22,0,,0,1,3.74,0.801909308,,2,2,0,16400
60209,0,1,19,1,,0,1,2.58,,1430,4,3,0,10000
80921,1,0,22,1,1,0,1,,,,3,2,1,22263
81782,1,0,21,1,1,0,1,,,,2,3,1,5000
84408,0,1,18,1,,0,1,3.61,,,2,2,1,28800
85349,0,0,20,1,,0,1,,,1830,3,3,1,15450
87097,1,1,18,1,1,0,0,3.85,0.640926641,,4,2,1,24450
92387,0,0,21,0,1,0,1,,,1940,3,3,0,3000
99178,1,1,18,1,1,0,0,3.56,0.599439776,,4,3,1,13200
103292,1,1,18,1,1,0,0,3.76,0.86746988,1820,3,3,0,24334
105067,0,1,18,0,1,0,0,3.31,,2210,3,2,0,5000
105102,1,0,20,1,1,0,0,,,,2,2,1,23200
113569,1,1,19,1,1,0,1,3.75,0.889434889,,3,3,0,24100
113610,1,1,18,1,1,0,1,3.85,0.911764706,2070,2,3,1,30000
113639,1,0,21,1,1,0,1,3.5,0.753424658,1900,2,3,0,0
116751,1,1,19,1,1,0,1,,0.93902439,,3,2,1,5000
117408,1,0,20,1,1,0,0,,,,3,3,0,26334
117410,1,1,19,0,1,0,0,3.71,0.90625,1950,2,2,0,22008
117940,0,1,18,1,1,0,0,3.14,0.24127907,1580,4,3,0,0
120879,0,0,21,0,0,0,1,,,1830,3,4,0,0
121529,0,1,19,1,1,0,0,4,0.981132075,1840,2,3,0,28325
122102,1,1,19,0,1,0,1,,,1920,3,4,1,14250
122482,1,1,20,1,,0,1,3.77,0.421383648,,3,2,0,0
122548,1,1,20,1,,0,0,3.63,0.730769231,,3,2,1,0
122566,1,1,19,1,1,0,1,3.25,0.75170068,,3,3,0,24000
122587,1,0,19,1,1,0,0,3.68,,,3,1,0,25050
122588,1,0,21,0,,0,1,,,,4,3,0,0
122727,1,1,18,1,1,0,0,3.67,0.813186813,,3,3,1,21133
124461,0,1,19,1,1,0,1,3.8,0.888198758,1820,2,3,0,5000
124489,0,1,18,1,,0,0,3.2,,,4,3,0,12300
124636,0,1,18,0,,0,1,,,1670,3,3,0,20950
124644,0,1,18,1,1,0,0,,,2030,2,3,0,30000
124697,0,1,20,0,0,0,0,,,,4,3,1,0
127042,1,0,21,1,1,0,0,3.5,,1910,4,2,1,5000
127045,1,0,24,1,,0,1,,,2150,4,3,0,20465
128091,1,0,19,0,1,0,1,3.65,0.941767068,,3,2,0,30933
128111,0,1,19,0,1,0,1,3.9,,1830,2,2,0,8000
129584,0,0,22,1,,0,1,,,2120,2,2,1,13550
130177,1,0,23,1,1,0,1,,,,3,3,1,24334
130585,1,0,22,1,,0,1,,,2210,1,2,0,0
130606,0,1,19,0,,0,1,3.77,0.929133858,1840,2,1,1,0
130660,1,1,21,0,0,0,1,,,,4,3,1,22079
130662,1,0,22,1,1,0,,,,2060,2,2,1,17075
131831,1,1,20,1,1,0,0,3.59,,1790,4,3,0,20300
131941,0,1,19,1,1,0,1,,,,3,2,0,12050
132043,1,1,19,1,1,0,0,3.75,0.816326531,,4,3,0,21000
135540,0,1,19,0,1,0,1,3.8,,1950,3,3,0,21000
135780,0,1,18,0,1,0,1,3.58,,1820,3,3,0,3000
136629,0,1,19,1,1,0,1,3.88,,2180,2,2,1,8000
136817,0,1,19,1,1,0,1,3.43,,,3,2,1,30000
138444,1,0,22,0,0,0,0,3.56,0.662921348,,2,2,0,21000
138447,1,1,20,1,0,0,,,,2030,3,3,0,26000
138535,0,1,18,0,1,0,0,3.25,,,4,3,1,0
140462,0,1,18,1,1,0,1,4.01,0.602409639,1740,3,3,1,24000
140483,0,1,19,1,1,0,1,2.78,0.523148148,,4,2,0,21300
140508,0,1,19,1,1,0,1,3.74,,2230,1,2,0,30475
140524,0,1,18,1,,0,0,3.59,,,2,3,1,0
142406,0,0,21,0,,0,1,3.96,,,2,3,1,5000
142426,0,1,19,1,1,0,0,4,0.997260274,,1,2,0,21625
142443,1,0,23,0,1,0,0,,,1940,3,2,0,22400
142926,0,1,28,1,1,0,1,4.63,,1810,2,3,1,5000
142936,1,0,20,1,1,0,1,3.9,,2280,2,1,1,8000
143129,0,1,19,0,1,0,0,4.33,0.996632997,,2,1,1,30000
143304,0,1,18,0,1,0,0,3.65,0.285714286,,3,3,1,0
143305,0,1,18,0,1,0,0,3.69,0.571428571,1700,3,3,0,0
144081,0,1,19,1,,0,1,3.08,,1600,3,4,0,10000
144082,0,1,18,0,1,0,1,4.1,0.965517241,2260,1,2,0,10000
144085,1,1,19,1,1,0,1,3.42,,1900,3,3,0,3000
144088,1,1,19,1,1,0,1,3.95,0.996153846,,2,1,1,27925
144177,0,1,18,1,1,0,1,,,,3,2,0,5750
144182,1,1,19,1,1,0,0,3.25,,1790,3,2,1,30000
144194,0,1,18,1,1,0,1,4.09,0.81875,1970,2,2,0,8000
144213,1,0,54,1,1,0,,,,,3,3,0,24000
158443,1,1,20,1,0,1,0,,,,3,3,0,24531
158628,0,1,19,1,1,1,1,,,,4,3,0,0
158644,1,1,22,1,1,1,1,,,,3,2,1,22237
158658,0,1,20,1,0,1,,,,1840,2,2,1,25766
158668,1,1,20,1,,1,1,,,,3,2,1,0
158695,0,1,19,0,1,1,1,,,,2,2,0,0
159011,1,1,19,0,0,1,0,,,,3,3,0,25078
161412,1,1,21,1,,1,1,,,,2,1,1,0
161413,1,1,20,0,0,1,0,,,,3,2,1,26412
161418,0,1,20,1,,1,1,,,1550,3,2,0,29499
161420,0,1,18,1,1,1,1,,,,2,2,0,0
161528,0,1,22,1,1,1,0,,,1850,3,3,0,26266
161810,1,1,21,1,0,1,0,,,,2,1,0,20678
161844,0,1,19,1,0,1,1,,,1760,2,2,0,0
161860,1,1,18,1,0,1,1,,,,3,3,0,25935
161866,0,1,21,1,1,1,0,,,,3,3,0,26266
161963,1,1,20,1,1,1,1,3.7,,1900,2,2,0,10000
162019,1,1,21,1,0,1,1,,,1550,2,2,0,26763
162031,0,1,18,0,1,1,0,,,,3,3,0,0
162780,1,1,20,1,0,1,0,,,1930,3,2,0,29778
162837,0,1,22,1,1,1,1,,,,3,3,0,3000
162863,0,1,18,1,0,1,1,,,,3,3,0,22266
162999,1,1,19,1,1,1,1,,,,4,2,0,26709
165825,1,1,20,1,,1,0,,,,4,3,0,28759
214460,1,1,21,1,0,1,1,,,,2,2,0,28336
214464,1,1,20,0,1,1,1,,,1890,2,3,0,25889
214468,0,1,18,0,1,1,1,,,,1,3,0,15529
214478,0,1,18,1,1,1,0,,,1920,2,2,0,25499
215167,0,1,20,1,0,1,1,,,,3,3,0,29499
215620,0,1,19,0,1,1,1,,,,2,1,1,27939
215767,0,0,18,0,0,1,1,,,1890,3,3,0,27939
215903,1,1,20,0,1,1,1,,,,2,2,0,29924
215918,0,1,19,0,0,1,1,,,1730,2,2,0,26999
215924,0,1,19,1,1,1,1,,,,3,3,0,14499
215967,0,1,20,1,1,1,1,,,2110,1,2,0,7899
215974,0,1,19,1,0,1,1,,,,3,2,0,22499
215975,0,1,19,1,,1,1,,,,3,2,0,29199
215981,1,1,18,1,0,1,1,,,,3,2,1,30711
215987,0,1,19,1,0,1,1,,,,3,3,0,27499
216095,0,1,19,0,1,1,1,,,,1,2,0,18509
216693,0,1,19,1,0,1,1,,,1850,4,2,0,17499
218809,1,1,20,0,0,1,1,,,,3,2,0,26999
262540,0,1,20,0,,1,1,,,,2,2,0,38390
262546,0,1,18,1,0,1,1,,,2090,2,2,1,25450
262604,0,1,19,1,1,1,1,,,1580,4,3,0,24850
266186,1,1,20,1,1,1,1,,,,2,3,0,26465
266187,0,1,19,0,1,1,1,,,,3,3,0,30000
266195,1,1,18,1,,1,1,3.6,,,4,3,0,34590
266344,0,1,19,0,0,1,0,,,,3,3,0,30450
266458,1,1,18,1,0,1,1,,,2020,2,2,1,30188
266484,0,1,18,1,0,1,1,,,,2,2,0,27950
266485,0,1,19,0,1,1,0,,,,2,2,0,21450
266708,0,1,20,1,0,1,1,,,,2,2,0,21450
266713,0,1,20,1,1,1,0,,,,2,3,0,30450
266722,0,1,18,1,0,1,1,,,,2,2,0,10000
266729,0,1,19,0,1,1,1,,,1510,4,2,0,7500
266751,1,1,20,1,0,1,1,,,,2,3,0,25014
266788,0,1,20,1,1,1,1,,,,3,2,0,25450
266970,0,1,19,1,0,1,1,,,,2,3,0,0
266998,0,1,19,1,1,1,1,,,,2,2,0,28890
267088,1,1,19,0,0,1,1,,,2020,1,3,0,29345
267139,0,1,21,1,0,1,1,,,1910,2,3,0,21550
267143,0,1,20,0,1,1,0,,,,4,4,0,0
267161,0,0,21,0,,1,0,,,,3,3,0,0
267177,0,1,18,1,0,1,1,,,1910,3,2,0,22950
267254,0,1,21,1,0,1,1,,,2090,2,3,0,10000
267257,0,1,20,0,1,1,1,,,2140,2,3,0,27750
267294,1,1,20,0,0,1,1,,,,3,3,0,27313
267295,0,1,19,1,,1,0,,,1560,2,3,0,30450
267298,1,1,21,1,1,1,1,,,,4,3,0,31548
267622,0,1,19,1,1,1,1,,,,2,2,0,28890
268382,0,1,21,0,0,1,0,,,1500,4,3,0,30450
268454,0,1,20,0,0,1,1,,,,2,2,0,25450
268488,1,1,20,1,0,1,1,,,1770,2,2,0,36590
268734,0,0,23,1,0,1,0,,,,1,1,0,25390
121552,1,1,20,0,0,1,1,,,,3,2,1,22266
126955,1,1,20,1,0,1,1,,,,2,2,0,29253
128666,0,1,19,0,0,1,1,3.81,,2240,1,1,1,0
145609,0,1,20,1,0,1,1,,,,4,3,0,0
,,,,,,,,,,,,,,
,,,,,,,,,,,,,,16048.63858
,,,,,,,,,,,,,,15544.68338
